[{"nameOfFood":"Gulyásleves","timeToMake":90,"ingredients":["marhahús","burgonya","sárgarépa","petrezselyemgyökér","paprika","hagyma","fokhagyma","paradicsom","fűszerpaprika","só","kömény"],"description":"A hagymát apróra vágjuk és megpirítjuk. Hozzáadjuk a marhahúst, majd megfűszerezzük pirospaprikával és köménnyel. Hozzáadjuk a zöldségeket és felöntjük vízzel, majd puhára főzzük."},{"nameOfFood":"Paprikás csirke","timeToMake":60,"ingredients":["csirkehús","vöröshagyma","fűszerpaprika","paradicsom","paprika","tejföl","só","bors"],"description":"A hagymát megpirítjuk, majd hozzáadjuk a csirkehúst és pirospaprikát. Paradicsommal és paprikával ízesítjük, és puhára főzzük. A végén tejföllel sűrítjük."},{"nameOfFood":"Hortobágyi húsos palacsinta","timeToMake":75,"ingredients":["palacsinta","sertéshús","tejföl","vöröshagyma","fűszerpaprika","só","bors"],"description":"A sertéshúst pörköltként elkészítjük, majd megtöltjük vele a palacsintákat. Tejföllel megkenjük, és sütőben átsütjük."},{"nameOfFood":"Töltött káposzta","timeToMake":120,"ingredients":["savanyú káposzta","darálthús","rizs","füstölt szalonna","vöröshagyma","fűszerpaprika","só","bors"],"description":"A darált húst összekeverjük a rizzsel és fűszerekkel, majd megtöltjük a káposztaleveleket. Füstölt szalonnával rétegezzük, és lassú tűzön megfőzzük."},{"nameOfFood":"Rántott hús","timeToMake":45,"ingredients":["csirke vagy sertéshús","liszt","tojás","zsemlemorzsa","só","bors","olaj"],"description":"A húst kiklopfoljuk, sózzuk, borsozzuk, majd lisztbe, tojásba és zsemlemorzsába forgatjuk. Forró olajban aranybarnára sütjük."},{"nameOfFood":"Somlói galuska","timeToMake":95,"ingredients":["piskóta","vaníliakrém","csokoládéöntet","dió","rum","tejszínhab"],"description":"Rétegezünk piskótát, vaníliakrémet és diót. Rumos csokoládéöntettel meglocsoljuk, majd tejszínhabbal tálaljuk."},{"nameOfFood":"Halászlé","timeToMake":120,"ingredients":["ponty","vöröshagyma","fűszerpaprika","paradicsom","paprika","só"],"description":"A halat megtisztítjuk és feldaraboljuk. A hagymát főzzük, majd a halat és a fűszereket hozzáadva lassan készre főzzük."},{"nameOfFood":"Lángos","timeToMake":40,"ingredients":["liszt","élesztő","tej","só","olaj"],"description":"Az alapanyagokból lágy tésztát dagasztunk, majd kelesztjük. Forró olajban kisütjük és ízlés szerint fokhagymával, tejföllel vagy sajttal tálaljuk."},{"nameOfFood":"Túrós csusza","timeToMake":30,"ingredients":["tészta","túró","tejföl","szalonna","só"],"description":"A tésztát megfőzzük, majd összekeverjük a túróval és tejföllel. Ropogós szalonnadarabokkal tálaljuk."},{"nameOfFood":"Dobos torta","timeToMake":150,"ingredients":["piskóta","csokoládékrém","cukor","vaj","tojás","karamell"],"description":"Rétegezett piskótát és csokoládékrémet készítünk, a tetejét karamellel vonjuk be. Hidegen tálaljuk."},{"nameOfFood":"Bundáskenyér","timeToMake":35,"ingredients":["Pár szelet kenyér","tojás","tej","olaj sütéshez"],"description":"A kenyeret beleáztatjuk a felvert tojás, tej sózott borsozott keverékébe. Ezután forró olajban aranybarnára sütjük."},{"nameOfFood":"Pacalpörkölt","timeToMake":130,"ingredients":["2 kg pacal","10 dkg zsír","12 dkg szalonna","30 dkg hagyma","10 g fokhagyma","5 g fűszerkömény","fűszerpaprika","30 dkg zöldpaprika","15 dkg paradicsom"],"description":"A szalonnát vágjuk csíkokra, majd a zsíron pirítsuk meg. Szűrőkanállal vegyük ki a szalonnákat a zsírból, majd tegyük bele a finomra vágott vöröshagymát, és pirítsuk aranysárgára. Ha ezzel megvagyunk, vegyük le az edényünket a tűzhelyről, adjuk hozzá a fűszerpaprikát, majd tegyük vissza a tűzre, és kevés vízzel öntsük fel. A zöldpaprikát kockázzuk fel (csumáját eltávolítva), de mindenek előtt kostóljuk meg, hogy nem erős-e. Amennyiben igen, távolítsuk el az \"erejét\". Adjuk a pörköltalaphoz, majd a felkockázott paradicsomot is. Lassú tűzön pároljuk. Közben a pacal tisztítsuk meg. Ha előfözött pacalt vásároltunk (ma már többnyire csak azt lehet kapni) akkor váltott vízben mossuk meg, majd vágjuk csíkokra, a tokányhoz hasonlóan. (Az előfőzött pacalt én már nem szoktam abálni, tovább van a pörköltalapban, amíg megpuhul, szaftja ízletesebb lesz.) Adjuk a csíkozott pacalt a pörköltalaphoz, fűszerezük zúzott fokhagymával, őrölt köménnyel, sózzuk, majd öntsük fel annyi vízzel, hogy majdnem ellepje. Fedő alatt pároljuk készre, közben ellenőrizzük időnként a levét, illetve a megfelelő sós ízt alakítsuk ki."},{"nameOfFood":"Babgulyás","timeToMake":140,"ingredients":["1 ek sertészsír","1 kg marhanyak","50 dkg fejtett bab","1 nagy fej vöröshagyma","2 gerezd fokhagyma","2 közepes db tv-paprika","1 közepes db hegyes erős paprika","2 közepes db paradicsom","2 közepes db sárgarépa","1 közepes db fehérrépa","1 kis db zeller","2 ek fűszerpaprika","4 szál kakukkfű","4 db babérlevél","1.5 l víz","bors ízlés szerint","só ízlés szerint"],"description":"A zsíron üvegesre pároljuk a hagymát és a fokhagymát. A marhanyakat kockákra vágjuk fel, és tegyük a hagymára. Keverjük jól össze, és hagyjuk, hogy kicsit megpiruljon a hús. Ezután jöhet a kockára vágott erős és sima paprika. Utána a paradicsom, sárgarépa, fehérrépa és a zeller is. Keverjük össze, és hagyjuk pár percet párolódni. Szórjuk a fűszerpaprikát és a borsot a zöldségekre, a friss kakukkfüvet pedig tépkedjük rá. Öntsük fel vízzel az egészet, majd sózzuk meg, és hagyjuk felforrni a levest. Forrás után öntsük bele az előzőleg beáztatott babot, és ha a babhoz nem adtunk az áztatás idején babérlevelet, akkor azt is tegyük a levesbe. Ezután lassú tűzön, addig főzzük a babot, amíg meg nem puhul. Ez körülbelül másfél-két óra lesz, de közben azért figyeljük. A kész levest kevés tejföllel a tetején tálalhatjuk is."},{"nameOfFood":"Nokedli","timeToMake":45,"ingredients":["400 gr liszt","1 db tojás","1 tk só","3 dl víz"],"description":"Az alapanyagokból közepesen lágy masszát keverünk (tálban, fakanállal). Nem kell túlságosan kidolgozni a tésztát. Bő, lobogó, sós vízben (4-5 l vízhez 3 tk só és 1-2 ek olaj) több részletben kifőzzük a galuskát: vagy nokedliszaggató segítségével, vagy pedig egyszerűen deszkára teszünk a tésztából és egy éles, bevizezett kés segítségével beleszaggatjuk a nokedlit a vízbe. Amint feljönnek a víz felszínére, szűrővel kivesszük és tálba tesszük a kész galuskákat."},{"nameOfFood":"Palacsinta","timeToMake":30,"ingredients":["3 db tojás","2 ek cukor","1 csomag vaníliás cukor","240 g finomliszt","2.5 dl tej","2.5 dl szódavíz","0.5 dl napraforgó olaj"],"description":"Egy tálba ütjük a tojásokat, majd a cukrokkal együtt kikeverjük. Folyamatos keverés mellett hozzáadjuk a tojásos keverékhez a lisztet, majd a tejet és a szódát, végül az olajat, és csomómentesre keverjük. Egy serpenyőt vagy palacsintasütőt egy ecsettel vékonyan megkenünk olajjal, majd megsütjük a palacsintákat."},{"nameOfFood":"Brassói pecsenye","timeToMake":115,"ingredients":["60 dkg sertéslapocka","80 dkg burgonya","5 gerezd fokhagyma","só ízlés szerint","bors ízlés szerint","1 ek fűszerpaprika","0.5 közepes db hegyes erős paprika","2 közepes db paradicsom","10 dkg kolozsvári szalonna","10 dkg bacon"],"description":"A húst felkockázzuk, a kétfajta szalonnát szintén. A szalonnát zsírjára pirítjuk, a pörcöket kivesszük a serpenyőből, és a visszamaradt zsíron nagy lángon kicsit megpirítjuk a húskockákat. Ha már kis színt kaptak, akkor hozzáadjuk a fűszerpaprikát, elkeverjük, majd mehet hozzá a kis kockára vágott paradicsom és felkarikázott paprika. Hozzáadjuk a finomra vágott fokhagymát, és kis lángon, lefedve, időnként megkavarva kb. 90 percig főzzük. Ha szükséges lenne, időnként önthetünk alá egy pici vizet, de ne sokat, mert a sűrű szaft a lényeg. Mikor már majdnem készen van, forró olajban kisütjük a kis kockára vágott krumplikat, majd szűrőpapírra szedjük. Ha a hús megpuhult, visszaöntjük az edénybe a szalonnapörcöket, hozzáadjuk a forró krumplit, összekeverjük, és azonnal tálaljuk."},{"nameOfFood":"Fasírt","timeToMake":45,"ingredients":["2 db zsemle","2 ek olívaolaj","1 közepes db vöröshagyma","2 gerezd fokhagyma","500 g darált sertéshús","2 db tojás","só ízlés szerint","bors ízlés szerint","1 teáskanál majoranna","1 teáskanál fűszerpaprika","1 ek petrezselyem","100 g zsemlemorzsa","200 ml napraforgó olaj"],"description":"A zsemléket apró darabokra szeljük, egy tálba helyezzük, és nyakon öntjük a tejjel. Mikor már jól megszívták magukat, elkezdjük összenyomkodni, hogy semmiképp se maradjanak nagyobb, összetapadt darabok, majd félrerakjuk pihentetni. Egy közepes méretű edényben olívaolajat hevítünk, hozzáadjuk az előzetesen felvágott hagymát, és elkezdjük dinsztelni. Amikor a hagyma már láthatóan puhul, hozzáadjuk az aprított fokhagymát, és tovább pirítjuk őket együtt. Ha elkészült, levesszük a tűzről, és átmerjük egy nagyobb edénybe, amibe a többi hozzávaló is kerül majd. A hagymákhoz hozzáadjuk a darált húst, a tejes zsemlegombócot és a két tojást. Ízlés szerint sóval, borssal fűszerezzük, adunk hozzá majorannát és fűszerpaprikát, majd színesítjük frissen vágott petrezselyemmel. A húsos masszát jól összegyúrjuk, majd akkora golyókat formázunk, amekkora kényelmesen elfér a tenyerünkbe. A golyókat egy kicsit lelapítjuk, és meghempergetjük zsemlemorzsában. A fasírtpogácsákat bő, forró olajban addig sütjük, amíg mindkét oldaluk szép aranybarnára nem sül. Frissen, melegen, főzelékek mellé feltétként, vagy főételnek krumplipürével és savanyúsággal tálaljuk."},{"nameOfFood":"Lencsefőzelék","timeToMake":95,"ingredients":["25 dkg lencse","2 db babérlevél","5 dkg kolozsvári szalonna","1.5 l víz","só ízlés szerint","2 ek mangalica zsír","2 evőkanál finomliszt","1 közepes db vöröshagyma","1 teáskanál fűszerpaprika","bors ízlés szerint","1 dl tejföl","30 dkg virsli (4 szál)"],"description":"Az átválogatott és megmosott lencsét egy lábosba öntjük. Hozzáadjuk a babérleveleket, valamint a füstölt szalonnát, sózzuk, és felöntjük másfél liter vízzel. Fedő alatt, nagyjából 45 perc alatt puhára főzzük. A hagymát megpucoljuk, és lereszeljük. Egy nagy lábasban a zsírból és a lisztből rántást készítünk - akkor jó, ha sűrű, de még éppen folyós, \"tejfölállagú\", ahogy anyukám hívja. A rántáshoz adjuk a lereszelt vöröshagymát, és állandó kevergetés mellett 1-2 percet főzzük. Ezután mérsékeljük alatta a lángot (akár el is zárhatjuk), amíg hozzákeverjük a fűszerpaprikát. Elkezdjük kanalanként felönteni a lencse főzővizével, közben folyamatosan kevergetve, nehogy becsomósodjon. Amikor elértük a nekünk tetsző főzeléksűrűséget, belekanalazzuk a lencsét (a babérleveleket és a szalonnát pedig kiszedjük - utóbbit elcsipegethetjük a főzelékhez, de meg is piríthatjuk). Sózzuk-borsozzuk. Egy deci tejfölt elkeverünk egy kis kanál főzelékkel, így kiegyenlítve a hőkülönbséget, majd az egészet visszaöntjük a lábasba, és elkeverjük. Sült virslivel és extra tejföllel tálaljuk."},{"nameOfFood":"Sajtos pogácsa","timeToMake":50,"ingredients":["220 g finomliszt","220 g kenyérliszt bl80","125 g vaj (szobahőmérsékletű)","1 kk só","1 db tojássárgája","2 dl tejföl","70 ml tej","25 g élesztő","0.5 tk cukor","150 g sajt (3-féle","keverve)"],"description":"A tejet langyosra melegítjük, majd hozzáadjuk a cukrot, és az élesztőt. 10 perc alatt felfuttatjuk. A liszteket beleszitáljuk egy keverőtálba, hozzáadjuk a sót, és átszitáljuk. Elmorzsoljuk benne a puha vajat, majd hozzáadjuk a tojássárgáját és a tejfölt. Adjuk hozzá a felfuttatott élesztőt is, majd dagasszuk egynemű tésztává. Letakarva pihentessük, kelesszük fél órát, majd nyújtsuk ki. Kenjük meg a tetejét puha vajjal, majd szórjuk meg a reszelt sajtok 2/3-adával. Tekerjük fel a tésztát, mint a bejglit, majd a két végét hajtsuk a tekercs középső részére. Pihentessük így is fél órát, majd nyújtsuk ki ismét. Folytathatjuk a hajtogatás-pihentetés-kinyújtás fázisokat addig, amíg jónak látjuk, hiszen minél rétegesebb egy pogácsatészta, annál finomabb lesz. Az utolsó kinyújtás után szaggassunk belőle pogácsákat, a maradék tésztát pedig hajtogassuk újra. Addig ismételjük a folyamatot, amíg a tészta el nem fogy. A pogácsákat helyezzük tepsire, majd szórjuk meg a tetejüket a reszelt sajttal. 180°C fokos előmelegített sütőben süssük készre 20-25 perc alatt, amikor a sajt már szépen megbarnul a pogik tetején, akkor jók. A sütőből kivéve hagyjuk őket kihűlni, majd fogyasszuk őket frissen, úgy a legfinomabb."},{"nameOfFood":"Tojásleves","timeToMake":38,"ingredients":["2 ek köménymag","3 ek napraforgó olaj","3 ek finomliszt","1 tk fűszerpaprika","só ízlés szerint","bors ízlés szerint","1.5 l víz","1 db babérlevél","2 db tojás"],"description":"A leves alapja egy köményes rántott leves: ehhez először a felhevített olajon megpattogtatjuk a köménymagot, majd a liszt hozzáadásával híg rántást készítünk. Hozzáadjuk a pirospaprikát, elkeverjük, majd felöntjük vízzel és így főzzük 20-25 percet. A levest ezután leszűrjük, majd a leszűrt levest visszaöntjük a lábasba, hozzáadunk egy babérlevelet, és újra felforraljuk. Egy vagy két tojást egy kis csészével villával felverünk, majd amikor forr a leves, vékony csíkban belecsorgatjuk, közben pedig fakanállal folyamatosan keverjük a levest. A tojás gyakorlatilag egyből megfő, ahogy a forró levesbe ér. A levest tálaljuk azon melegében, ízlés szerint pirított kenyérkockával megszórva."},{"nameOfFood":"Gundel Palacsinta","timeToMake":65,"ingredients":["1 db tojás","0.5 bögre finomliszt (2","5-dl-es )","1.3 dl tej","0.3 teáskanál vaníliás cukor","0.5 db citromhéj (reszelve)","80 ml ásványvíz","1 csipet só","2 ek napraforgó olaj (sütéshez)","60 g dió (őrölt)","65 g dió (durvára darált)","80 ml habtejszín","2 ek rum","50 g cukor","1 teáskanál fahéj (őrölt)","50 g étcsokoládé","2 db tojássárgája","0.5 ek vaj","1.3 dl tej","2 ek cukor","0.5 teáskanál vaníliás cukor","1 teáskanál cukrozatlan kakaópor","1 ek rum"],"description":"A tejet, a tojást, a lisztet, a cukrot és a sót összekeverjük egy tálban. Hozzáadjuk a lisztet, csomómentesre keverjük, majd az ásványvízzel hígítjuk. Fél órára félretesszük a tésztát, pihentetjük. Míg a tészta pihen, elkészítjük a diós tölteléket: a tejszínt a cukorral összeforraljuk, majd belekeverjük a többi hozzávalót és további három percig forraljuk. A harminc perc leteltével felforrósítjuk a palacsintasütőt, kevés olajat csepegtetünk bele, és megsütjük a négy palacsintát. A palacsintákra elosztjuk a tölteléket és félbe, majd még egyszer félbe (tehát negyedbe) hajtjuk őket. A csokoládészószhoz vízgőz felett megolvasztjuk a csokoládét a tejjel együtt, a vízgőzről levéve habverővel belekeverjük először a tojás sárgákat, majd a többi hozzávalót. Visszatesszük a vízgőz felé és néhány percig melegítjük a szószt. A palacsintasütőben diónyi vajat felolvasztunk és közepes lángon átmelegítjük, kissé megpirítjuk a már megtöltött és összehajtott palacsintákat. Nagy tányérra téve és a csokoládészósszal leöntve azonnal tálaljuk a Gundel palacsintát."},{"nameOfFood":"Mákos tészta","timeToMake":35,"ingredients":["200 g sárgabarack","3 ek méz","1 ek citromlé","400 g hosszúmetélt","50 g vaj","1 citromból nyert citromhéj","200 g mák (darált)","100 g porcukor"],"description":"A barackokat megmossuk, felezzük, kimagozzuk, majd egy tepsibe tesszük a mézzel és citromlével. Alaposan átmasszírozzuk a szemeket és 200 fokos sütőben 20 percig sütjük őket. Tálalásig félretesszük. A metéltet sós, lobogó vízben al dentére főzzük. Közben egy nagy serpenyőben megolvasztjuk a vajat (ha szeretnénk, kicsit meg is barníthatjuk), majd itt landolhat a kifőtt tészta. Folyamatos kevergetés mellett a tésztát bevonjuk az olvadt vajjal, majd hozzáadjuk a reszelt citromhéjat, és azzal is elkeverjük. A mákot vegyítjük a porcukorral, a keveréket ráöntjük a tésztára, majd összekeverjük és hagyjuk közepes lángon pirulni 1-2 percig. A kész tésztát tányérokra adagoljuk, friss mákszórással, a sült sárgabarackkal (vagy sárgabaracklekvárral) és reszelt citromhéjjal tálaljuk."},{"nameOfFood":"Bakonyi","timeToMake":100,"ingredients":["1 nagy db vöröshagyma","2 gerezd fokhagyma","5 dkg füstölt szalonna","1 ek fűszerpaprika","400 g sertéscomb","25 dkg gomba","1.5 dl tejföl","3 dkg finomliszt","só ízlés szerint","bors ízlés szerint","1 közepes db paradicsom","1 közepes db paprika","1 ek vaj","2 dl víz"],"description":"A hagymát és a fokhagymát felaprítjuk, a szalonnát kockázzuk, a gombát nagyobbakra daraboljuk. A paradicsomot és a paprikát is felaprítjuk. A szalonnát ropogósra pirítjuk, és kivesszük a pörcöket a zsírjából. A hússzeleteket lisztbe forgatjuk, és oldalanként másfél percig sütjük. A visszamaradt zsíron üvegesre pároljuk a hagymát, és megszórjuk a fűszerpaprikával, 1 percig kevergetjük. Rátesszük a paradicsomot és a paprikát, majd felöntjük 2 deci vízzel. 15 percig főzzük kis lángon, lefedve. Sózzuk, borsozzuk. Beletesszük a hússzeleteket, és 1-1,5 órán át főzzük, amíg a hús puha és porhanyós lesz. Egy másik serpenyőben felolvasztunk egy nagy evőkanál vajat, és 10 perc alatt megpirítjuk a gombát, majd félretesszük. A húst időnként megkeverjük, ellenőrizzük, hogy ne piruljon oda, ha szükséges, öntünk alá egy kis vizet. Ha a hús megpuhult, hozzátesszük a gombát, és elkeverjük. Egy kanál lisztet alaposan elkeverünk a tejföllel, majd hozzáadunk 1-2 merőkanálnyit a szaftból, és homogénre dolgozzuk. Visszaöntjük a hús mellé, még egyet keverünk rajta, és elzárjuk alatta a gázt."},{"nameOfFood":"Házi kenyér (kovász nélkül)","timeToMake":85,"ingredients":["100 g teljes kiőrlésű liszt","150 g víz","5 g élesztő","900 g kenyérliszt bl80","550 g víz","35 g só","100 g rizsliszt"],"description":"Az előtészta hozzávalóit keverjük össze egy magasabb peremű tálban, amiben meg tud kelni. Használhatunk teljes kiőrlésű liszt helyett kenyérlisztet is. Elég annyira összekeverni, hogy egynemű legyen. 8-12 órát kelesszük szobahőmérsékleten, így az állaga és íze is javulni fog. Érdemest a sütés előtti napon, este bekeverni. 1. lépés, autolízis: Az átszitált kenyérliszthez adjuk hozzá a vizet, és keverjük át annyira, hogy ne maradjon száraz rész benne. Fedjük le a kavarótálat, és hagyjuk egy órát pihenni a tésztát. 2. lépés, dagasztás: Adjuk hozzá az előtésztát és a sót. Dolgozzuk össze a tésztát a tálban, amíg egynemű lesz, és megerősödik az állaga. Ez nagyjából egy 5-10 perces művelet, akkor jó, ha elválik az edény falától. Fedjük le újból a tésztát, és hagyjuk 30 percet pihenni. 3. lépés, hajtogatás: A hajtogatással és pihentetéssel erősítjük tovább a tészta szerkezetét. Enyhén vizes kézzel fogjuk meg a tészta egyik végét, húzzuk meg amennyire engedi, és hajtsuk át a másik oldalára. Hajtogassuk, amíg körbe nem érünk. Ezután fedjük le, és pihentessük 30 percet. Ismételjük meg összesen háromszor. A 2. és 3. hajtogatásnál, már jóval erősebb lesz a tészta, bátrabban lehet nyújtani. 4. lépés, előformázás: A hajtogatott tésztát, miután megpihent, szedjük ki egy enyhén bevizezett gyúródeszkára. Szedjük két részre a tésztát. Kézzel, vagy pék spatula segítségével formázzuk elő a tésztákat gombócokra. Ennél a lépésnél a lényeg, hogy úgy húzzuk a tésztát, hogy megerősödjön a külső réteg, feszessé váljon. Viszont, ne csináljuk túl sokszor, mert szét fog menni a tartása. Olyan esetben hagyni kell 10-15 percet pihenni, és újra előformázni. Miután előformáztuk, hagyjuk 15-20 percet pihenni. 5. lépés, formázás: A gombócunk tetejét szórjuk meg finoman liszttel, majd fordítsuk meg, és nyújtsuk ki kézzel négyszögletes, vagy háromszög formára. A formázás részét számtalan variációban el lehet végezni, íme az egyik: fogjuk meg a távolabbi végét, hajtsuk át magunk felé 3/4-ig, nyomkodjuk bele finoman. Hajtsuk rá a jobb, majd bal oldalát a közepéig, nyomkodjuk bele. Végül kezdjük magunk felé tekerni a tésztát néhány lépésben. Végül formázzuk, feszesítsük finoman, ügyelve arra, hogy az alja összezáródjon. Szórjuk meg rizsliszttel alaposan a tetejét. 6. lépés, kelesztés: A dagasztó kosárba helyezzük fejjel lefelé a tésztát, szórjuk meg rizsliszttel az alját is. Fontos, hogy kellően lisztes legyen, különben bele fog ragadni. Ennél a pontnál hagyjuk kelni a tésztát, 3-5 órán keresztül. Nagyban függ a kelesztés ideje a környezet és a felhasznált víz hőmérsékletétől. Hűtőben is keleszthetjük lassan, 8-15 óra alatt. 7. lépés, sütés: A sütőt melegítsük elő 230°C-ra. Amennyiben van öntött vas edényünk, vagy jénai, akkor azzal együtt melegítsük fel. Ha nincs, mindenképp öntsünk forró vizet a sütőbe, hogy gőz képződjön, így sokkal jobban meg tud kelni a kenyér. A tésztát óvatosan borítsuk ki a formából, és egy éles pengével vágjuk be. Vegyük ki a sütőből a forró edényt, tegyük bele a tésztát, fedjük le, és tegyük vissza a sütőbe. 230°C-on süssük fedő alatt 20 percig, majd vegyük le a fedelét, és süssük további 20-30 percet, amíg szép barna lesz. Miután elkészült hagyjuk teljesen kihűlni. Ezután szeletelhetjük az elkészült, friss, ropogós kenyerünket."},{"nameOfFood":"Házi kenyér (kovászos)","timeToMake":65,"ingredients":["300 g finomliszt","225 g víz (200+25 gramm)","90 g kovász (kétszer frissített)","6 g só (ízlés szerint)"],"description":"A víz nagy részével (200 gramm) összekeverjük a lisztet (ezt hívjuk autolizációnak), és egy órát pihentetjük. Ha ez megvan, dagasszuk hozzá a kovászt. Újabb negyed óra után tegyük hozzá a sót a maradék 25 gramm vízzel, és ezt is dagasszuk jól bele. Egy óra pihentetés után elkezdjük a sziromhajtást (több videót lehet találni az interneten erről), amit 3 órán keresztül végzünk óránként 1x, összesen háromszor. Előformázzuk, ami fél órát pihen, majd végső formázás után szakajtóba tesszük. Készre kelesztjük. Figyelem! A kelesztési idő mindenkinél más és más, függ például a hőmérséklettől és a kovász aktivitásától. Nálam még 4 órát kelt a konyhapulton, de ez Nálad változhat! Forró sütőben készre sütjük."},{"nameOfFood":"Vajas pogácsa","timeToMake":65,"ingredients":["50 dkg finomliszt","30 dkg vaj","0.8 dl habtejszín","1 db tojássárgája","1 dkg élesztő","2 tk só","1 db tojás (a kenéshez)"],"description":"A lisztet összekeverjük a sóval, elmorzsoljuk a vajjal és az élesztővel. Hozzáadjuk a tojássárgáját és a tejszínt, alaposan összegyúrjuk. Közepes keménységű tésztát kapunk, ha túl keménynek találjuk, még egy pici tejszínt adhatunk hozzá. Egy órára betesszük a hűtőbe, hogy megdermedjen a tészta. Előző este is meggyúrhatjuk a tésztát, ha az időbeosztásunknak úgy a kedvezőbb. A hűtőből kivéve a tésztát, 2 cm vastagra nyújtjuk, éles késsel berácsozzuk, és 3 cm átmérőjű pogácsaszaggatóval kis pogácsákat szúrunk ki belőle. Kissé felvert tojással megkenjük, előmelegített sütőben zsemleszínűre sütjük."},{"nameOfFood":"Rizses hús","timeToMake":50,"ingredients":["20 dkg sertéscomb","1 bögre rizs","1 közepes db vöröshagyma","2 teáskanál fűszerpaprika","1 ek sertészsír","1 teáskanál őrölt fűszerkömény","2 gerezd fokhagyma","2 közepes db paradicsom","1 közepes db paprika","2 ek napraforgó olaj","5 dl víz","3 ek petrezselyem","bors ízlés szerint","só ízlés szerint"],"description":"Zsíron üvegesre pároljuk a hagymát, majd hozzáadjuk a kockára vágott sertéshúst, amit lepirítunk. Közben sózzuk-borsozzuk, és megszórjuk őrölt köménnyel és fűszerpaprikával. Majd hozzáadjuk a szeletekre vágott fokhagymát, kockára vágott paradicsomot és paprikát. Lassú tűzön 40-45 percig pároljuk a húst! Közben megfőzzük a rizst, hogy csak bele kelljen majd a végén keverni a húsos-pörköltös alapba. Amikor megfőtt a hús, hozzáöntjük a rizst, és megszórjuk az egészet petrezselyemmel, és jól összekeverjük, aztán tálalhatjuk is."},{"nameOfFood":"Spenót","timeToMake":40,"ingredients":["100 g zsemle (vagy kenyérbél)","800 ml tej","500 g spenót","25 g finomliszt","3 ek napraforgó olaj","4 gerezd fokhagyma","só ízlés szerint","bors ízlés szerint"],"description":"A kenyérbélt vagy zsemlét tépkedjük kisebb darabokra, öntsünk rá a tejből annyit, amennyi ellepi, és hagyjuk állni, hogy megszívhassa magát. Ezzel (is) fogjuk sűríteni a főzeléket, és mennyeien selymes lesz tőle! Ha friss spenótot használunk, először távolítsuk el a levelek főereit, enyhén sós vízben főzzük elő 15 percet, majd szűrjük le. Ha fagyasztott spenótot használunk, egyszerűen olvasszuk ki és úgy adjuk hozzá a kész rántáshoz. Közben egy lábasban készítsünk egyszerű rántást a lisztből, az olajból és a reszelt fokhagymából. Amikor készen vagyunk a spenót leszűrésével, hozzáadjuk a kenyérbéllel együtt a rántáshoz. Felöntjük a maradék tejjel, ízlés szerint sózzuk-borsozzuk, majd az egészet alaposan leturmixoljuk. A krémesre turmixolt főzeléken forralunk még egyet (szükség esetén még vízzel higíthatunk rajta). Főtt tojással és pirított-főtt burgonyával tálaljuk."},{"nameOfFood":"Zsemlegombóc","timeToMake":40,"ingredients":["2 db zsemle","250 g rétesliszt","3 db tojás","1 dl víz","2 ek kacsazsír","1 csokor petrezselyem","1 ízlés szerint só","1 ízlés szerint bors","2 közepes db vöröshagyma"],"description":"A vöröshagymát pirítsuk le a kacsazsíron, amíg szép aranybarna lesz. Miután elkészült, húzzuk félre hűlni. A kissé szikkadt zsemléket vágjuk fel apró kockákra, majd sütőben pirítsuk meg őket. Időnként kavarjuk át a sütőben, hogy egyenletesen süljenek. Miután elkészült, vegyük ki hűlni. Egy keverőtálba öntsük bele a réteslisztet, a tojást, a vizet, a pirított hagymát és a finomra vágott petrezselymet. Sózzuk, borsozzuk meg, majd kavarjuk össze. Lényeg, hogy egy nem túl lágy, sem túl sűrű tésztát kell kapjunk. Öntsük hozzá a pirított zsemlekockákat is, ezután forgassuk össze újra. 15-20 percre tegyük hűtőbe pihenni. Vizes kézzel formázzuk ki a gombócokat, majd enyhén sós vízben főzzük őket 8-10 percig, végül fedjük le, és további 5 percig hagyjuk gőz alatt kihúzni."},{"nameOfFood":"Burgonyakrémleves","timeToMake":30,"ingredients":["5 közepes db burgonya","2 közepes db vöröshagyma","2 gerezd fokhagyma","2 db babérlevél","200 ml főzőtejszín","1 csipet szerecsendió","2 ek napraforgó olaj","1 l víz","bors ízlés szerint","só ízlés szerint","6 szelet bacon"],"description":"Olajon megpirítjuk a hagymát a fokhagymával együtt. Majd hozzáadjuk a kockára vágott burgonyát is. Sózzuk-borsozzuk, és jól átkeverjük, majd rádobunk 2 darab babérlevelet, és felöntjük az egészet vízzel. Megfőzzük a krumplit, ami nagyjából negyed óra alatt kész is van, majd kiszedjük a babérleveleket, és hozzáöntjük a tejszínt. Botmixer segítségével összeturmixoljuk a levesünket, amit a végén még sózunk, és egy kevés szerecsendióval meghintünk. Egy serpenyőben a csíkokra vágott bacont ropogósra sütjük, és tálalásnál a leves tetejére halmozzuk."}]